test935,588, 
test667,448, 
test154,546, 
test779,432, 
test268,161, 
test736,189, 
test254,586, 
test952,813, 
test495,595, 
test489,862, 
test141,514, 
test621,521, 
test326,797, 
test786,828, 
test461,953, 
test866,452, 
test887,396, 
test124,798, 
test252,499, 
test761,118, 
test672,178, 
test967,588, 
test175,566, 
test319,566, 
test987,732, 
test534,819, 
test118,218, 
test239,293, 
test415,222, 
test147,369, 
test373,335, 
test785,732, 
test389,558, 
test566,278, 
test822,394, 
test113,765, 
test166,221, 
test858,926, 
test366,766, 
test611,199, 
test538,997, 
test684,768, 
test927,618, 
test659,791, 
test914,542, 
test895,511, 
test724,794, 
test756,118, 
test928,135, 
test484,558, 
